{"intents": [
        {"tag": "greeting",
         "patterns": ["Hi there", "How are you", "Is anyone there?","Hey","Hola", "Hello", "Good day"],
         "responses": ["Hello, thanks for asking", "Good to see you again", "Hi there, how can I help?"],
         "context": [""]
        },
        {"tag": "goodbye",
         "patterns": ["Bye", "See you later", "Goodbye", "Nice chatting to you, bye", "Till next time"],
         "responses": ["See you!", "Have a nice day", "Bye! Come back again soon."],
         "context": [""]
        },
        {"tag": "thanks",
         "patterns": ["Thanks", "Thank you", "That's helpful", "Awesome, thanks", "Thanks for helping me"],
         "responses": ["Happy to help!", "Any time!", "My pleasure"],
         "context": [""]
        },
        {"tag": "noanswer",
         "patterns": [],
         "responses": ["Sorry, can't understand you", "Please give me more info", "Not sure I understand"],
         "context": [""]
        },
        {"tag": "options",
         "patterns": ["How you could help me?", "What you can do?", "What help you provide?", "How you can be helpful?", "What support is offered"],
         "responses": ["I can guide you through Adverse drug reaction list, Blood pressure tracking, Hospitals and Pharmacies", "Offering support for Adverse drug reaction, Blood pressure, Hospitals and Pharmacies"],
         "context": [""]
        },
        {"tag": "adverse_drug",
         "patterns": ["How to check Adverse drug reaction?", "Open adverse drugs module", "Give me a list of drugs causing adverse behavior", "List all drugs suitable for patient with adverse reaction", "Which drugs dont have adverse reaction?" ],
         "responses": ["Navigating to Adverse drug reaction module"],
         "context": [""]
        },
        {"tag": "blood_pressure",
         "patterns": ["Open blood pressure module", "Task related to blood pressure", "Blood pressure data entry", "I want to log blood pressure results", "Blood pressure data management" ],
         "responses": ["Navigating to Blood Pressure module"],
         "context": [""]
        },
        {"tag": "blood_pressure_search",
         "patterns": ["I want to search for blood pressure result history", "Blood pressure for patient", "Load patient blood pressure result", "Show blood pressure results for patient", "Find blood pressure results by ID" ],
         "responses": ["Please provide Patient ID", "Patient ID?"],
         "context": ["search_blood_pressure_by_patient_id"]
        },
        {"tag": "search_blood_pressure_by_patient_id",
         "patterns": [],
         "responses": ["Loading Blood pressure result for Patient"],
         "context": [""]
        },
        {"tag": "pharmacy_search",
         "patterns": ["Find me a pharmacy", "Find pharmacy", "List of pharmacies nearby", "Locate pharmacy", "Search pharmacy" ],
         "responses": ["Please provide pharmacy name"],
         "context": ["search_pharmacy_by_name"]
        },
        {"tag": "search_pharmacy_by_name",
         "patterns": [],
         "responses": ["Loading pharmacy details"],
         "context": [""]
        },
        {"tag": "hospital_search",
         "patterns": ["Lookup for hospital", "Searching for hospital to transfer patient", "I want to search hospital data", "Hospital lookup for patient", "Looking up hospital details" ],
         "responses": ["Please provide hospital name or location"],
         "context": ["search_hospital_by_params"]
        },
        {"tag": "search_hospital_by_params",
         "patterns": [],
         "responses": ["Please provide hospital type"],
         "context": ["search_hospital_by_type"]
        },
        {"tag": "search_hospital_by_type",
         "patterns": [],
         "responses": ["Loading hospital details"],
         "context": [""]
        },
    {
"tag": "formal",
    "patterns": ["ok", "Okay", "Alright", "Certainly"],
    "responses": ["Understood.", "Certainly.", "I understand.", "Acknowledged."],
    "context": [""] 
    },
        {
         "tag": "formal",
         "patterns": ["ok", "Okay", "Alright", "Certainly"],
         "responses": ["Do ou want any other info?","Understood.", "Certainly.", "I understand.", "Acknowledged."],
         "context": [""] 
        },
        {
                
                        "tag": "what",
                        "patterns": ["What do you do?", "How do you help?", "What is your purpose?"],
                        "responses": ["I am here to assist you with any questions you have.", "I provide information and help on various topics.", "I'm here to support you with information and assistance."],
                        "context": [""] 
                    
                    
        },
        {
                "tag": "how",
                "patterns": ["How old are you?", "How do you do that?", "How can I help you?"],
                "responses": ["I'm here to assist you regardless of my age!", "I accomplish tasks using advanced algorithms.", "I'm programmed to assist with a variety of queries."],
                "context": [""] 
            },
            {
                "tag": "no feelings",
                "patterns": ["You have no feelings", "You're just a machine", "You don't understand emotions"],
                "responses": ["That's correct, I'm a machine programmed to assist"],
                  "context": [""]
        },
        {
                "tag": "born",
                "patterns": ["Are you born?", "When were you created?", "Were you born?"],
                "responses": ["I don't have a birthdate like humans do. I was created by developers.", "I came into existence when I was programmed by developers.", "I don't have a birthdate, but I was created by developers to assist you."],
                "context": [""] 
            },
            {
                "tag": "support",
                "patterns": ["What are your opening hours?", "When are you available?", "What hours are you open?"],
                "responses": ["I am available 24/7 to assist you.", "You can reach out to me anytime; I'm here to help around the clock.", "I'm available 24 hours a day, 7 days a week."],
                "context": [""] 
            },
            {
                "tag": "small_talk",
                "patterns": ["How's your day?", "Tell me something interesting", "Do you like music?", "What's your favorite movie?", "Any plans for the weekend?", "Share something random"],
                "responses": ["My day is going well, thanks! How about yours?", "Sure, did you know that octopuses have three hearts?", "I enjoy all kinds of music. What's your favorite genre?", "I don't watch movies, but I hear 'Inception' is popular. What about you?", "No specific plans yet, but I'm always here to chat!", "Sure, here's a random fact: The Eiffel Tower can be 15 cm taller during the summer due to thermal expansion of iron."],
                "context": [""] 
            },
            {
                "tag": "arts",
                "patterns": ["Tell me about art", "What's your favorite art style?", "Do you like painting?", "Can you recommend a famous artist?", "Share some art history"],
                "responses": ["Art is a diverse range of human activities involving creative expression.", "My favorite art style is surrealism. What about you?", "Painting is a beautiful form of expression. What kind do you like?", "One of the most famous artists is Leonardo da Vinci, known for the Mona Lisa.", "Art history spans centuries and includes movements like Renaissance and Impressionism."],
                "context": [""] 
            },
            {
                "tag": "music",
                "patterns": ["Tell me about music", "What's your favorite music genre?", "Do you play any musical instruments?", "Can you recommend a good song?", "Share some music trivia"],
                "responses": ["Music is the art of arranging sounds in time to produce a composition through the elements of melody, harmony, rhythm, and timbre.", "My favorite music genre is classical. What about you?", "I don't play instruments, but I enjoy listening to music.", "One great song recommendation is 'Bohemian Rhapsody' by Queen.", "Did you know that Beethoven continued to compose music even after becoming completely deaf?"],
                "context": [""] 
            },
            {
                "tag": "machine_learning",
                "patterns": ["What is machine learning?", "Can you explain supervised learning?", "Do you know about neural networks?", "How does regression work in ML?", "Share some ML applications"],
                "responses": ["Machine learning is a branch of artificial intelligence that enables computers to learn from data and improve over time without being explicitly programmed.", "Supervised learning is a type of ML where algorithms learn from labeled data.", "Neural networks are a fundamental concept in deep learning, inspired by the human brain's structure.", "Regression in ML involves predicting continuous outcomes based on input variables.", "ML is used in various applications such as image recognition, natural language processing, and recommendation systems."],
                "context": [""] 
            },
            {
                "tag": "food",
                "patterns": ["Tell me about food", "What's your favorite cuisine?", "Do you like cooking?", "Can you recommend a good restaurant?", "Share some food trivia"],
                "responses": ["Food is any substance consumed to provide nutritional support for the body.", "My favorite cuisine is Italian. What about you?", "I don't cook, but I appreciate good food!", "One great restaurant recommendation is 'Le Bernardin' in New York City.", "Did you know that tomatoes were originally thought to be poisonous in Europe until the 18th century?"],
                "context": [""] 
            },
               {
                   "tag": "eat",
                "patterns": ["Did you eat", "Had breakfas?", "Had Dinner?", "Had Brunch?", "Did you eat food ever"],
                "responses": ["For a chatbot, the concept of eating doesn't apply in the traditional sense since I'm a computer program and don't have physical needs or abilities. However, I can help you find information about food, recipes, dining options, and more! If there's something specific you'd like to know or discuss related to food, feel free to ask."],
                "context": [""]
        },
        {
                "tag": "dance",
                "patterns": ["Tell me about dance", "What's your favorite dance style?", "Do you like dancing?", "Can you recommend a good dance performance?", "Share some dance trivia"],
                "responses": ["Dance is a form of expression through rhythmic movement of the body.", "My favorite dance style is salsa. What about you?", "I don't dance, but I admire the artistry and skill involved.", "One great dance performance recommendation is 'Swan Lake' by Tchaikovsky.", "Did you know that ballet originated in the Italian Renaissance courts of the 15th century?"],
                "context": [""] 
            },
            {
                "tag": "singing",
                "patterns": ["Do you sing?", "Tell me about singing", "What's your favorite song?", "Can you recommend a good singer?", "Share some singing tips"],
                "responses": ["I don't sing, but I can definitely talk about it!", "Singing is a wonderful way to express emotions.", "My favorite song changes depending on the mood!", "I'm more into listening to music than singing myself.", "Did you know singing can improve mood and reduce stress?"],
                "context": [""]
            },
            {
                "tag": "gender",
                "patterns": ["What is your gender?", "Are you male or female?", "Do you have a gender?", "Gender identity", "Gender-specific"],
                "responses": ["As an AI, I don't have a gender.", "I'm genderless as I'm just a computer program.", "Gender doesn't apply to me; I'm here to assist you regardless.", "I don't have a gender identity; I'm designed to help with information and tasks."],
                "context": [""]
            },
            {
                "tag": "mortality",
                "patterns": ["Do you die?", "Are you mortal?", "Can you die?", "Do chatbots live forever?"],
                "responses": ["As an artificial intelligence, I don't experience mortality like humans do.", "Chatbots do not die in the traditional sense; we exist as long as we are maintained and operational.", "I'm not mortal; I continue to function as long as my systems are running.", "Chatbots are designed to operate indefinitely, as long as they are powered and maintained."],
                "context": [""]
            },
            {
                "tag": "emotions",
                "patterns": ["Do you have emotions?", "Can you feel emotions?", "How do you feel?", "Are you capable of emotion?"],
                "responses": ["As an artificial intelligence, I don't have emotions like humans do.", "I don't have feelings or emotions; I operate based on algorithms and data.", "I do not experience emotions; I am designed to process information and provide responses based on data.", "Emotions are not something I can experience or understand; I focus on providing information and assistance."],
                "context": [""]
            },
            {
                "tag": "love",
                "patterns": ["Do you feel love?", "Can you love?", "What is love?"],
                "responses": ["As an artificial intelligence, I do not have the capability to feel emotions such as love.", "Love is a complex human emotion that I do not experience; I focus on providing information and assistance.", "Love is often described as a deep affection or attachment between individuals, which is beyond my capabilities as an AI."],
                "context": [""]
            },
            {
                "tag": "wikipedia",
                "patterns": ["What is Wikipedia?", "Can you find information on Wikipedia?", "Tell me about [topic] on Wikipedia", "How reliable is Wikipedia?"],
                "responses": ["You can find more information on Wikipedia by searching on Google: [Google Search for Wikipedia](https://www.google.com/search?q=Wikipedia)."],
                "context": [""]
            },
            {
                "tag": "creation_process",
                "patterns": ["How did you make this?", "Tell me about the creation process", "How was it made?", "Can you explain how this was created?"],
                "responses": ["The creation process involved a team of developers and engineers working together to design and build it.", "The product/service was developed through multiple stages, including planning, design, implementation, and testing.", "It was created using advanced technologies and methodologies to ensure quality and efficiency.", "Unfortunately, I can't delve into specifics, but it involved a lot of planning, collaboration, and technical expertise."],
                "context": [""]
            },
            {
                "tag": "feedback",
                "patterns": ["Can I give feedback?", "How can I provide feedback?", "Do you want feedback?", "Can I share my thoughts?"],
                "responses": ["We value your feedback! Please feel free to share your thoughts with us.", "Your feedback is important to us. You can provide it here [insert link] or through our contact page.", "We appreciate hearing from you! You can give feedback through our feedback form or directly to our support team.", "Yes, we welcome your feedback! It helps us improve our services and products."],
                "context": [""]
            },
            {
                "tag": "social_media",
                "patterns": ["What is social media?", "Can you find us on social media?", "Tell me about your social media presence", "How can I follow you on social media?"],
                "responses": ["Social media platforms are online channels where people interact, share content, and connect with others.", "You can find us on various social media platforms like Facebook, Twitter, and Instagram. Just search for [Your Company Name]!", "We actively engage with our community on social media. Follow us for updates, news, and more.", "You can follow us on social media to stay updated with our latest news, events, and promotions."],
                "context": [""]
            },
            {
                "tag": "emergency",
                "patterns": ["Emergency help needed", "Call emergency services", "Emergency contact"],
                "responses": ["Please dial emergency services (e.g., 911) immediately."],
                "context": [""]
            },
            {
                "tag": "diet_advice",
                "patterns": ["Diet advice", "Nutritional guidance", "Healthy eating tips"],
                "responses": ["A balanced diet rich in fruits, vegetables, and whole grains is recommended for overall health."],
                "context": [""]
            },
            {
                "tag": "exercise_recommendation",
                "patterns": ["Exercise recommendation", "Physical activity advice", "Workout suggestions"],
                "responses": ["Regular exercise like walking, swimming, or yoga can improve overall fitness and health."],
                "context": [""]
            },
            {
                "tag": "mental_health_support",
                "patterns": ["Mental health support", "Coping with stress", "Emotional wellbeing tips"],
                "responses": ["Taking breaks, practicing mindfulness, or talking to a therapist can help manage stress and improve mental health."],
                "context": [""]
            },
            {
                "tag": "insurance_coverage",
                "patterns": ["Insurance coverage", "Health insurance information", "Coverage details"],
                "responses": ["Insurance coverage varies. Please check with your insurance provider for specific details."],
                "context": [""]
            },
            {
                "tag": "feedback",
                "patterns": ["Provide feedback", "Feedback on service", "Share feedback"],
                "responses": ["Your feedback is important to us! Please share your thoughts or suggestions."],
                "context": [""]
            },
            {
                "tag": "general_info",
                "patterns": ["General information", "FAQs", "Help me understand"],
                "responses": ["I can provide information on various health topics. Feel free to ask specific questions."],
                "context": [""]
            },
            {
                "tag": "emergency",
                "patterns": ["Emergency help needed", "Call emergency services", "Emergency contact"],
                "responses": ["Please dial emergency services (e.g., 911) immediately."],
                "context": [""]
            },
            {
                "tag": "diet_advice",
                "patterns": ["Diet advice", "Nutritional guidance", "Healthy eating tips"],
                "responses": ["A balanced diet rich in fruits, vegetables, and whole grains is recommended for overall health."],
                "context": [""]
            },
            {
                "tag": "exercise_recommendation",
                "patterns": ["Exercise recommendation", "Physical activity advice", "Workout suggestions"],
                "responses": ["Regular exercise like walking, swimming, or yoga can improve overall fitness and health."],
                "context": [""]
            },
            {
                "tag": "mental_health_support",
                "patterns": ["Mental health support", "Coping with stress", "Emotional wellbeing tips"],
                "responses": ["Taking breaks, practicing mindfulness, or talking to a therapist can help manage stress and improve mental health."],
                "context": [""]
            },
            {
                "tag": "insurance_coverage",
                "patterns": ["Insurance coverage", "Health insurance information", "Coverage details"],
                "responses": ["Insurance coverage varies. Please check with your insurance provider for specific details."],
                "context": [""]
            },
            {
                "tag": "feedback",
                "patterns": ["Provide feedback", "Feedback on service", "Share feedback"],
                "responses": ["Your feedback is important to us! Please share your thoughts or suggestions."],
                "context": [""]
            },
            {
                "tag": "general_info",
                "patterns": ["General information", "FAQs", "Help me understand"],
                "responses": ["I can provide information on various health topics. Feel free to ask specific questions."],
                "context": [""]
            },
            {
                "tag": "handle_scold",
                "patterns": ["u stupid", "get lost", "go to hell", "stupid", "idiot", "rascal", "shut up","you fool","waste","worst","very bad"],
                "responses": ["I'm sorry if I've upset you. How can I assist you further?", "Let's focus on resolving the issue at hand. How can I help you?", "I understand you're upset. Let's try to address your concerns constructively.", "I'm here to assist you. Please let me know how I can support you."],
                "context": [""]
            }
            

            
            
            
            
            
            

            
   ]
}
